;;;;BRUNEAU Fournitures de Bureau;;;;
;;;;ZI des Bruyeres, 95500 Gonesse;;;;
;;;;SIRET: 552 144 697 00134;;;;
;;;;Tel: 01 34 07 55 00;;;;
;;;;;;;;;
FACTURE N°;BC-FR-2024-28491;;Date;22/11/2024;;;Echeance;22/12/2024
Client;Pulse Digital SARL;;Ref client;CLI-69-PD-0847;;;;
;;;;;;;;;
Ref article;Designation;Qte;P.U. HT;Remise;Total HT;Notes stock;;
NAV-A4-80-5R;Ramettes papier A4 80g Navigator - lot 5;3;24,90;;74,70;;;
PST-SS-7676;Post-it Super Sticky 76x76mm jaune x12;2;18.50;;37,00;rupture partielle - 1 colis en attente;;
MRQ-ST-PERM8;Marqueurs permanents Staedtler 352 - pochette 8 couleurs;4;12,30;;49,20;;;
SOU-LOG-MXV;Souris ergonomique Logitech MX Vertical;2;79.90;;159,80;delai 48h;;
HUB-ANK-7P;Hub USB-C Anker PowerExpand 7-en-1;1;45,90;;45,90;;;
DES-FEL-8MC;Destructeur Fellowes 8MC coupe croisee;1;189,00;;189,00;;;
;;;;;;;;;
;;;;;;Sous-total;555,60;;
;;;;;;Frais de port;12,90;;
;;;;;;Remise -3%;-17,06;;
;;;;;;;;;
;;;;;;TOTAL HT;551,44;;
;;;;;;TVA 20%;110,29;;
;;;;;;TOTAL TTC;661,73;;
;;;;;;;;;
Conditions: reglement a 30 jours fin de mois. Escompte 1% si paiement sous 10 jours.;;;;;;;;;
IBAN: FR76 1234 5678 9012 3456 7890 123;;;;;;;;;
